<?xml version="1.0" encoding="UTF-8"?>
<!DOCTYPE mapper PUBLIC "-//mybatis.org//DTD Mapper 3.0//EN" "http://mybatis.org/dtd/mybatis-3-mapper.dtd">
<mapper namespace="egovframework.example.sample.service.impl.TestMapper">

<resultMap id="sample" type="egovframework.example.sample.service.SampleVO">
		<result property="id" column="id"/>
		<result property="name" column="name"/>
		<result property="description" column="description"/>
		<result property="useYn" column="use_yn"/>
		<result property="regUser" column="reg_user"/>
	</resultMap>
	
<!-- 		<resultMap id="test" type="egovframework.example.sample.service.TestVO">
		<result property="no" column="no"/>
		<result property="name" column="name"/>
		<result property="price" column="price"/>
		<result property="quantity" column="quantity"/>
	</resultMap>
	 -->
	
		<select id="SelectTestList"  resultType="testVO">
 select distinct no,name,price from fruit order by no asc
	</select>
	

<!--   <insert id="insertExcel" parameterType="testVO" >

    insert into fruit(NO, NAME,PRICE) values
    <foreach collection="excelContent" item="item" separator=",">
        (
            #{item.A},
            #{item.B},
            #{item.C}
        )
        </foreach>
  </insert>  -->
  
  
  
  <select id="selectTestList" parameterType="testVO" resultType="testVO">


      select distinct no,name,price from fruit


 

</select>
  
  
  <insert id="insertExcel" parameterType="testVO">
		insert all 
			<foreach collection="excelContent" item="item" separator="">	
		 	into fruit(NO, NAME,PRICE) values (#{item.A},#{item.B},#{item.C})
			</foreach>
			select * from dual
	</insert>
	

	<insert id="insertSample" parameterType="SampleVO">

			INSERT INTO SAMPLE
				( ID
				  , NAME
				  , DESCRIPTION 
				  , USE_YN
				  , REG_USER )
			VALUES ( #{id}
				  , #{name}
				  , #{description}
				  , #{useYn}
				  , #{regUser} )

	</insert>

	<update id="updateSample">

			UPDATE SAMPLE
			SET ID=#{id}
				, NAME=#{name}
				, DESCRIPTION=#{description}
				, USE_YN=#{useYn}
				  WHERE ID=#{id}

	</update>

	<delete id="deleteSample">

			DELETE FROM SAMPLE
			WHERE ID=#{id}

	</delete>

	<select id="selectSample" resultMap="sample">

			SELECT
				ID, NAME, DESCRIPTION, USE_YN, REG_USER
			FROM SAMPLE
			WHERE ID=#{id}

	</select>
	
	

	<select id="selectSampleList" parameterType="searchVO" resultType="egovMap">

			SELECT
				ID, NAME, DESCRIPTION, USE_YN, REG_USER
			FROM SAMPLE
			WHERE 1=1
			<if test="searchKeyword != null and searchKeyword != ''">
		        <choose>
		            <when test="searchCondition == 0">
						AND	ID LIKE '%' || #{searchKeyword} || '%'
					</when>
		            <when test="searchCondition == 1">
						AND	NAME LIKE '%' || #{searchKeyword} || '%'
					</when>
				</choose>
			</if>
			ORDER BY ID ASC
		
	</select> 






	<select id="selectSampleListTotCnt" parameterType="searchVO" resultType="int">

			SELECT COUNT(*) totcnt
			FROM SAMPLE
			WHERE 1=1
			<if test="searchKeyword != null and searchKeyword != ''">
		        <choose>
		            <when test="searchCondition == 0">
						AND ID LIKE '%' || #{searchKeyword} || '%'
					</when>
		            <when test="searchCondition == 1">
						AND	NAME LIKE '%' || #{searchKeyword} || '%'
					</when>
				</choose>
			</if>
	</select>
	
	

</mapper>